"–ú–∞—à–∏–Ω–∞ 2010 –≥–æ–¥–∞ –≤—ã–ø—É—Å–∫–∞, –±—ã–ª–∞ –∫—É–ø–ª–µ–Ω–∞ –≤ 2012 –≥–æ–¥—É","1‚Äâ520‚Äâ000‚Äâ‚ÇΩ","Acura","Acura ZDX Advance","–î–≤–∏–≥–∞—Ç–µ–ª—å 3.7 –±–µ–Ω–∑–∏–Ω–æ–≤—ã–π (300 –ª.—Å.)"
"–ú–∞—à–∏–Ω–∞ 2010 –≥–æ–¥–∞ –≤—ã–ø—É—Å–∫–∞, –±—ã–ª–∞ –∫—É–ø–ª–µ–Ω–∞ –≤ 2013 –≥–æ–¥—É","1‚Äâ750‚Äâ000‚Äâ‚ÇΩ","Acura","Acura ZDX Turbo by GTT","–î–≤–∏–≥–∞—Ç–µ–ª—å 3.7 –±–µ–Ω–∑–∏–Ω–æ–≤—ã–π (450 –ª.—Å.)"
"–ú–∞—à–∏–Ω–∞ 1991 –≥–æ–¥–∞ –≤—ã–ø—É—Å–∫–∞, –±—ã–ª–∞ –∫—É–ø–ª–µ–Ω–∞ –≤ 2011 –≥–æ–¥—É","$40,000","Acura","Acura NSX","–î–≤–∏–≥–∞—Ç–µ–ª—å 3.0 –±–µ–Ω–∑–∏–Ω–æ–≤—ã–π (274 –ª.—Å.)"
"–ú–∞—à–∏–Ω–∞ 2010 –≥–æ–¥–∞ –≤—ã–ø—É—Å–∫–∞, –±—ã–ª–∞ –∫—É–ø–ª–µ–Ω–∞ –≤ 2017 –≥–æ–¥—É","1‚Äâ249‚Äâ999‚Äâ‚ÇΩ","Acura","Acura ZDX","–î–≤–∏–≥–∞—Ç–µ–ª—å 3.7 –±–µ–Ω–∑–∏–Ω–æ–≤—ã–π (300 –ª.—Å.)"
"–ú–∞—à–∏–Ω–∞ 2004 –≥–æ–¥–∞ –≤—ã–ø—É—Å–∫–∞, –±—ã–ª–∞ –∫—É–ø–ª–µ–Ω–∞ –≤ 2016 –≥–æ–¥—É","600‚Äâ000‚Äâ‚ÇΩ","Acura","Acura MDX ""–û–¥–∏—Å—Å–µ–π –Ω–∞ —Å—Ç–µ—Ä–æ–∏–¥–∞—Ö""","–î–≤–∏–≥–∞—Ç–µ–ª—å 3.5 –±–µ–Ω–∑–∏–Ω–æ–≤—ã–π (269 –ª.—Å.)"
"–ú–∞—à–∏–Ω–∞ 2005 –≥–æ–¥–∞ –≤—ã–ø—É—Å–∫–∞, –±—ã–ª–∞ –∫—É–ø–ª–µ–Ω–∞ –≤ 2015 –≥–æ–¥—É","$7,000","Acura","Acura RSX TypeS K20/K24 256hp290Nm","–î–≤–∏–≥–∞—Ç–µ–ª—å 2.4 –±–µ–Ω–∑–∏–Ω–æ–≤—ã–π (256 –ª.—Å.)"
"–ú–∞—à–∏–Ω–∞ 2007 –≥–æ–¥–∞ –≤—ã–ø—É—Å–∫–∞, –±—ã–ª–∞ –∫—É–ø–ª–µ–Ω–∞ –≤ 2013 –≥–æ–¥—É","870‚Äâ000‚Äâ‚ÇΩ","Acura","Acura MDX","–î–≤–∏–≥–∞—Ç–µ–ª—å 3.7 –±–µ–Ω–∑–∏–Ω–æ–≤—ã–π (304 –ª.—Å.)"
"–ú–∞—à–∏–Ω–∞ 2008 –≥–æ–¥–∞ –≤—ã–ø—É—Å–∫–∞, –±—ã–ª–∞ –∫—É–ø–ª–µ–Ω–∞ –≤ 2015 –≥–æ–¥—É","1‚Äâ050‚Äâ000‚Äâ‚ÇΩ","Acura","Acura MDX –≤ –ü—Ä–∏–º–æ—Ä—å–µ!","–î–≤–∏–≥–∞—Ç–µ–ª—å 3.7 –±–µ–Ω–∑–∏–Ω–æ–≤—ã–π (300 –ª.—Å.)"
"–ú–∞—à–∏–Ω–∞ 2005 –≥–æ–¥–∞ –≤—ã–ø—É—Å–∫–∞, –±—ã–ª–∞ –∫—É–ø–ª–µ–Ω–∞ –≤ 2017 –≥–æ–¥—É","750‚Äâ000‚Äâ‚ÇΩ","Acura","Acura RSX 2.4 iVTEC SuperCharged","–î–≤–∏–≥–∞—Ç–µ–ª—å 2.4 –±–µ–Ω–∑–∏–Ω–æ–≤—ã–π (360 –ª.—Å.)"
"–ú–∞—à–∏–Ω–∞ 2008 –≥–æ–¥–∞ –≤—ã–ø—É—Å–∫–∞, –±—ã–ª–∞ –∫—É–ø–ª–µ–Ω–∞ –≤ 2016 –≥–æ–¥—É","1‚Äâ000‚Äâ000‚Äâ‚ÇΩ","Acura","Acura MDX","–î–≤–∏–≥–∞—Ç–µ–ª—å 3.7 –±–µ–Ω–∑–∏–Ω–æ–≤—ã–π (300 –ª.—Å.)"
"–ú–∞—à–∏–Ω–∞ 2007 –≥–æ–¥–∞ –≤—ã–ø—É—Å–∫–∞, –±—ã–ª–∞ –∫—É–ø–ª–µ–Ω–∞ –≤ 2015 –≥–æ–¥—É","820‚Äâ000‚Äâ‚ÇΩ","Acura","Acura RDX Tech '07 Carbon Jet","–î–≤–∏–≥–∞—Ç–µ–ª—å 2.3 –±–µ–Ω–∑–∏–Ω–æ–≤—ã–π (240 –ª.—Å.)"
"–ú–∞—à–∏–Ω–∞ 2007 –≥–æ–¥–∞ –≤—ã–ø—É—Å–∫–∞, –±—ã–ª–∞ –∫—É–ø–ª–µ–Ω–∞ –≤ 2014 –≥–æ–¥—É","$12,000","Acura","Acura MDX Technology","–î–≤–∏–≥–∞—Ç–µ–ª—å 3.7 –±–µ–Ω–∑–∏–Ω–æ–≤—ã–π (306 –ª.—Å.)"
"–ú–∞—à–∏–Ω–∞ 2004 –≥–æ–¥–∞ –≤—ã–ø—É—Å–∫–∞, –±—ã–ª–∞ –∫—É–ø–ª–µ–Ω–∞ –≤ 2018 –≥–æ–¥—É","320‚Äâ000‚Äâ‚ÇΩ","Acura","Acura TSX","–î–≤–∏–≥–∞—Ç–µ–ª—å 2.4 –±–µ–Ω–∑–∏–Ω–æ–≤—ã–π (203 –ª.—Å.)"
"–ú–∞—à–∏–Ω–∞ 1997 –≥–æ–¥–∞ –≤—ã–ø—É—Å–∫–∞, –±—ã–ª–∞ –∫—É–ø–ª–µ–Ω–∞ –≤ 2013 –≥–æ–¥—É","$1,000","Acura","Acura CL 2.2 SOHC VTEC","–î–≤–∏–≥–∞—Ç–µ–ª—å 2.2 –±–µ–Ω–∑–∏–Ω–æ–≤—ã–π (147 –ª.—Å.)"
"–ú–∞—à–∏–Ω–∞ 2008 –≥–æ–¥–∞ –≤—ã–ø—É—Å–∫–∞, –±—ã–ª–∞ –∫—É–ø–ª–µ–Ω–∞ –≤ 2018 –≥–æ–¥—É","649‚Äâ000‚Äâ‚ÇΩ","Acura","Acura RDX –ú–∞—à–∏–Ω–∞ –ø—É–ª—è","–î–≤–∏–≥–∞—Ç–µ–ª—å 2.4 –±–µ–Ω–∑–∏–Ω–æ–≤—ã–π (243 –ª.—Å.)"
"–ú–∞—à–∏–Ω–∞ 2007 –≥–æ–¥–∞ –≤—ã–ø—É—Å–∫–∞, –±—ã–ª–∞ –∫—É–ø–ª–µ–Ω–∞ –≤ 2012 –≥–æ–¥—É","670‚Äâ000‚Äâ‚ÇΩ","Alfa Romeo","Alfa Romeo 159 Scuderia.Moscow","–î–≤–∏–≥–∞—Ç–µ–ª—å 1.9 –¥–∏–∑–µ–ª—å–Ω—ã–π (190 –ª.—Å.)"
"–ú–∞—à–∏–Ω–∞ 2008 –≥–æ–¥–∞ –≤—ã–ø—É—Å–∫–∞, –±—ã–ª–∞ –∫—É–ø–ª–µ–Ω–∞ –≤ 2014 –≥–æ–¥—É","750‚Äâ000‚Äâ‚ÇΩ","Alfa Romeo","Alfa Romeo GT GTA 3.2% –ñ–∏—Ä–Ω–æ—Å—Ç–∏","–î–≤–∏–≥–∞—Ç–µ–ª—å 3.2 –±–µ–Ω–∑–∏–Ω–æ–≤—ã–π (240 –ª.—Å.)"
"–ú–∞—à–∏–Ω–∞ 2000 –≥–æ–¥–∞ –≤—ã–ø—É—Å–∫–∞, –±—ã–ª–∞ –∫—É–ø–ª–µ–Ω–∞ –≤ 2012 –≥–æ–¥—É","470‚Äâ000‚Äâ‚ÇΩ","Alfa Romeo","Alfa Romeo 156 üçÄSportwagon 3.0","–î–≤–∏–≥–∞—Ç–µ–ª—å 3.0 –±–µ–Ω–∑–∏–Ω–æ–≤—ã–π (220 –ª.—Å.)"
"–ú–∞—à–∏–Ω–∞ 2009 –≥–æ–¥–∞ –≤—ã–ø—É—Å–∫–∞, –±—ã–ª–∞ –∫—É–ø–ª–µ–Ω–∞ –≤ 2015 –≥–æ–¥—É","1‚Äâ200‚Äâ000‚Äâ‚ÇΩ","Alfa Romeo","Alfa Romeo Brera Turismo Internazionale","–î–≤–∏–≥–∞—Ç–µ–ª—å 1.8 –±–µ–Ω–∑–∏–Ω–æ–≤—ã–π (242 –ª.—Å.)"
"–ú–∞—à–∏–Ω–∞ 2003 –≥–æ–¥–∞ –≤—ã–ø—É—Å–∫–∞, –±—ã–ª–∞ –∫—É–ø–ª–µ–Ω–∞ –≤ 2009 –≥–æ–¥—É","$7,000","Alfa Romeo","Alfa Romeo 166","–î–≤–∏–≥–∞—Ç–µ–ª—å 3.0 –±–µ–Ω–∑–∏–Ω–æ–≤—ã–π (220 –ª.—Å.)"
"–ú–∞—à–∏–Ω–∞ 2007 –≥–æ–¥–∞ –≤—ã–ø—É—Å–∫–∞, –±—ã–ª–∞ –∫—É–ø–ª–µ–Ω–∞ –≤ 2012 –≥–æ–¥—É","600‚Äâ000‚Äâ‚ÇΩ","Alfa Romeo","Alfa Romeo 159 Sportwagon Sportwagon","–î–≤–∏–≥–∞—Ç–µ–ª—å 1.9 –¥–∏–∑–µ–ª—å–Ω—ã–π (150 –ª.—Å.)"
"–ú–∞—à–∏–Ω–∞ 2004 –≥–æ–¥–∞ –≤—ã–ø—É—Å–∫–∞, –±—ã–ª–∞ –∫—É–ø–ª–µ–Ω–∞ –≤ 2016 –≥–æ–¥—É","620‚Äâ000‚Äâ‚ÇΩ","Alfa Romeo","Alfa Romeo GT LaCaramellka)","–î–≤–∏–≥–∞—Ç–µ–ª—å 1.9 –¥–∏–∑–µ–ª—å–Ω—ã–π (170 –ª.—Å.)"
"–ú–∞—à–∏–Ω–∞ 2008 –≥–æ–¥–∞ –≤—ã–ø—É—Å–∫–∞, –±—ã–ª–∞ –∫—É–ø–ª–µ–Ω–∞ –≤ 2012 –≥–æ–¥—É","310‚Äâ000‚Äâ‚ÇΩ","Alfa Romeo","Alfa Romeo 147 88kw","–î–≤–∏–≥–∞—Ç–µ–ª—å 1.6 –±–µ–Ω–∑–∏–Ω–æ–≤—ã–π (120 –ª.—Å.)"
"–ú–∞—à–∏–Ω–∞ 1983 –≥–æ–¥–∞ –≤—ã–ø—É—Å–∫–∞, –±—ã–ª–∞ –∫—É–ø–ª–µ–Ω–∞ –≤ 2010 –≥–æ–¥—É","465‚Äâ000‚Äâ‚ÇΩ","Alfa Romeo","Alfa Romeo Alfetta –ø–æ—á—Ç–∏ gta autodelta","–î–≤–∏–≥–∞—Ç–µ–ª—å 2.0 –±–µ–Ω–∑–∏–Ω–æ–≤—ã–π (140 –ª.—Å.)"
"–ú–∞—à–∏–Ω–∞ 1989 –≥–æ–¥–∞ –≤—ã–ø—É—Å–∫–∞, –±—ã–ª–∞ –∫—É–ø–ª–µ–Ω–∞ –≤ 2010 –≥–æ–¥—É","140‚Äâ000‚Äâ‚ÇΩ","Alfa Romeo","Alfa Romeo 75 Rosso 130","–î–≤–∏–≥–∞—Ç–µ–ª—å 1.6 –±–µ–Ω–∑–∏–Ω–æ–≤—ã–π (110 –ª.—Å.)"
"–ú–∞—à–∏–Ω–∞ 2002 –≥–æ–¥–∞ –≤—ã–ø—É—Å–∫–∞, –±—ã–ª–∞ –∫—É–ø–ª–µ–Ω–∞ –≤ 2013 –≥–æ–¥—É","$3,600","Alfa Romeo","Alfa Romeo 156 Rosso TI ‚ñÄ‚ñÑ‚ñÄ‚ñÑ","–î–≤–∏–≥–∞—Ç–µ–ª—å 1.6 –±–µ–Ω–∑–∏–Ω–æ–≤—ã–π (120 –ª.—Å.)"
"–ú–∞—à–∏–Ω–∞ 2003 –≥–æ–¥–∞ –≤—ã–ø—É—Å–∫–∞, –±—ã–ª–∞ –∫—É–ø–ª–µ–Ω–∞ –≤ 2017 –≥–æ–¥—É","$6,000","Alfa Romeo","Alfa Romeo 156 2.4 JTDm","–î–≤–∏–≥–∞—Ç–µ–ª—å 2.4 –¥–∏–∑–µ–ª—å–Ω—ã–π (175 –ª.—Å.)"
"–ú–∞—à–∏–Ω–∞ 2005 –≥–æ–¥–∞ –≤—ã–ø—É—Å–∫–∞, –±—ã–ª–∞ –∫—É–ø–ª–µ–Ω–∞ –≤ 2014 –≥–æ–¥—É","320‚Äâ000‚Äâ‚ÇΩ","Alfa Romeo","Alfa Romeo 156 JTS","–î–≤–∏–≥–∞—Ç–µ–ª—å 2.0 –±–µ–Ω–∑–∏–Ω–æ–≤—ã–π (166 –ª.—Å.)"
"–ú–∞—à–∏–Ω–∞ 1979 –≥–æ–¥–∞ –≤—ã–ø—É—Å–∫–∞, –±—ã–ª–∞ –∫—É–ø–ª–µ–Ω–∞ –≤ 2014 –≥–æ–¥—É","$8,900","Alfa Romeo","Alfa Romeo Alfetta UA Project","–î–≤–∏–≥–∞—Ç–µ–ª—å 1.8 –±–µ–Ω–∑–∏–Ω–æ–≤—ã–π (129 –ª.—Å.)"
"–ú–∞—à–∏–Ω–∞ 1997 –≥–æ–¥–∞ –≤—ã–ø—É—Å–∫–∞, –±—ã–ª–∞ –∫—É–ø–ª–µ–Ω–∞ –≤ 2017 –≥–æ–¥—É","$1,000","Alfa Romeo","Alfa Romeo 155 Super 2.0TS","–î–≤–∏–≥–∞—Ç–µ–ª—å 2.0 –±–µ–Ω–∑–∏–Ω–æ–≤—ã–π (155 –ª.—Å.)"
"–ú–∞—à–∏–Ω–∞ 2009 –≥–æ–¥–∞ –≤—ã–ø—É—Å–∫–∞, –±—ã–ª–∞ –∫—É–ø–ª–µ–Ω–∞ –≤ 2018 –≥–æ–¥—É","$10,000","Alfa Romeo","Alfa Romeo Mi.To 1.4 T-Jet –ø—Ä–æ–µ–∫—Ç 300–ª—Å","–î–≤–∏–≥–∞—Ç–µ–ª—å 1.4 –±–µ–Ω–∑–∏–Ω–æ–≤—ã–π (155 –ª.—Å.)"
"–ú–∞—à–∏–Ω–∞ 2004 –≥–æ–¥–∞ –≤—ã–ø—É—Å–∫–∞, –±—ã–ª–∞ –∫—É–ø–ª–µ–Ω–∞ –≤ 2016 –≥–æ–¥—É","360‚Äâ000‚Äâ‚ÇΩ","Alfa Romeo","Alfa Romeo 147 Sportiva 2.0","–î–≤–∏–≥–∞—Ç–µ–ª—å 2.0 –±–µ–Ω–∑–∏–Ω–æ–≤—ã–π (150 –ª.—Å.)"
"–ú–∞—à–∏–Ω–∞ 2008 –≥–æ–¥–∞ –≤—ã–ø—É—Å–∫–∞, –±—ã–ª–∞ –∫—É–ø–ª–µ–Ω–∞ –≤ 2014 –≥–æ–¥—É","500‚Äâ000‚Äâ‚ÇΩ","Alfa Romeo","Alfa Romeo 159 Sportwagon —á–µ—Ä–Ω—ã–π –±–æ–ª–∏–≤–∞—Ä)))","–î–≤–∏–≥–∞—Ç–µ–ª—å 1.9 –¥–∏–∑–µ–ª—å–Ω—ã–π (120 –ª.—Å.)"
"–ú–∞—à–∏–Ω–∞ 2001 –≥–æ–¥–∞ –≤—ã–ø—É—Å–∫–∞, –±—ã–ª–∞ –∫—É–ø–ª–µ–Ω–∞ –≤ 2015 –≥–æ–¥—É","270‚Äâ000‚Äâ‚ÇΩ","Alfa Romeo","Alfa Romeo 147 Bella Joppa","–î–≤–∏–≥–∞—Ç–µ–ª—å 2.0 –±–µ–Ω–∑–∏–Ω–æ–≤—ã–π (150 –ª.—Å.)"
"–ú–∞—à–∏–Ω–∞ 1999 –≥–æ–¥–∞ –≤—ã–ø—É—Å–∫–∞, –±—ã–ª–∞ –∫—É–ø–ª–µ–Ω–∞ –≤ 2016 –≥–æ–¥—É","69‚Äâ000‚Äâ‚ÇΩ","Alfa Romeo","Alfa Romeo 166 ""Zina Turbobenzina""","–î–≤–∏–≥–∞—Ç–µ–ª—å 2.0 –±–µ–Ω–∑–∏–Ω–æ–≤—ã–π (205 –ª.—Å.)"
"–ú–∞—à–∏–Ω–∞ 2005 –≥–æ–¥–∞ –≤—ã–ø—É—Å–∫–∞, –±—ã–ª–∞ –∫—É–ø–ª–µ–Ω–∞ –≤ 2018 –≥–æ–¥—É","440‚Äâ000‚Äâ‚ÇΩ","Alfa Romeo","Alfa Romeo GT","–î–≤–∏–≥–∞—Ç–µ–ª—å 3.2 –±–µ–Ω–∑–∏–Ω–æ–≤—ã–π (240 –ª.—Å.)"
"–ú–∞—à–∏–Ω–∞ 1997 –≥–æ–¥–∞ –≤—ã–ø—É—Å–∫–∞, –±—ã–ª–∞ –∫—É–ø–ª–µ–Ω–∞ –≤ 2015 –≥–æ–¥—É","150‚Äâ000‚Äâ‚ÇΩ","Alfa Romeo","Alfa Romeo 156 Italya","–î–≤–∏–≥–∞—Ç–µ–ª—å 1.8 –±–µ–Ω–∑–∏–Ω–æ–≤—ã–π (144 –ª.—Å.)"
"–ú–∞—à–∏–Ω–∞ 1997 –≥–æ–¥–∞ –≤—ã–ø—É—Å–∫–∞, –±—ã–ª–∞ –∫—É–ø–ª–µ–Ω–∞ –≤ 2011 –≥–æ–¥—É","150‚Äâ000‚Äâ‚ÇΩ","Alfa Romeo","Alfa Romeo 155","–î–≤–∏–≥–∞—Ç–µ–ª—å 2.0 –±–µ–Ω–∑–∏–Ω–æ–≤—ã–π (150 –ª.—Å.)"
"–ú–∞—à–∏–Ω–∞ 2008 –≥–æ–¥–∞ –≤—ã–ø—É—Å–∫–∞, –±—ã–ª–∞ –∫—É–ø–ª–µ–Ω–∞ –≤ 2016 –≥–æ–¥—É","7‚Äâ999‚Äâ‚Ç¨","Alfa Romeo","Alfa Romeo 159 Sportwagon TI","–î–≤–∏–≥–∞—Ç–µ–ª—å 2.4 –¥–∏–∑–µ–ª—å–Ω—ã–π (210 –ª.—Å.)"
"–ú–∞—à–∏–Ω–∞ 1992 –≥–æ–¥–∞ –≤—ã–ø—É—Å–∫–∞, –±—ã–ª–∞ –∫—É–ø–ª–µ–Ω–∞ –≤ 2016 –≥–æ–¥—É","70‚Äâ000‚Äâ‚ÇΩ","Alfa Romeo","Alfa Romeo 164","–î–≤–∏–≥–∞—Ç–µ–ª—å 2.5 –¥–∏–∑–µ–ª—å–Ω—ã–π (125 –ª.—Å.)"
"–ú–∞—à–∏–Ω–∞ 2005 –≥–æ–¥–∞ –≤—ã–ø—É—Å–∫–∞, –±—ã–ª–∞ –∫—É–ø–ª–µ–Ω–∞ –≤ —ç—Ç–æ–º –≥–æ–¥—É","$2,500","Alfa Romeo","Alfa Romeo GT","–î–≤–∏–≥–∞—Ç–µ–ª—å 1.9 –¥–∏–∑–µ–ª—å–Ω—ã–π (165 –ª.—Å.)"
"–ú–∞—à–∏–Ω–∞ 2003 –≥–æ–¥–∞ –≤—ã–ø—É—Å–∫–∞, –±—ã–ª–∞ –∫—É–ø–ª–µ–Ω–∞ –≤ 2015 –≥–æ–¥—É","210‚Äâ000‚Äâ‚ÇΩ","Alfa Romeo","Alfa Romeo 147","–î–≤–∏–≥–∞—Ç–µ–ª—å 1.6 –±–µ–Ω–∑–∏–Ω–æ–≤—ã–π (105 –ª.—Å.)"
"–ú–∞—à–∏–Ω–∞ 1999 –≥–æ–¥–∞ –≤—ã–ø—É—Å–∫–∞, –±—ã–ª–∞ –∫—É–ø–ª–µ–Ω–∞ –≤ 2010 –≥–æ–¥—É","$900","Alfa Romeo","Alfa Romeo 146","–î–≤–∏–≥–∞—Ç–µ–ª—å 1.6 –≥–∏–±—Ä–∏–¥–Ω—ã–π (120 –ª.—Å.)"
"–ú–∞—à–∏–Ω–∞ 1998 –≥–æ–¥–∞ –≤—ã–ø—É—Å–∫–∞, –±—ã–ª–∞ –∫—É–ø–ª–µ–Ω–∞ –≤ 2013 –≥–æ–¥—É","3‚Äâ500‚Äâ000‚Äâ‚ÇΩ","Alpina","Alpina B12 5.7 ‚Ññ 116","–î–≤–∏–≥–∞—Ç–µ–ª—å 5.7 –±–µ–Ω–∑–∏–Ω–æ–≤—ã–π (387 –ª.—Å.)"
"–ú–∞—à–∏–Ω–∞ 2008 –≥–æ–¥–∞ –≤—ã–ø—É—Å–∫–∞, –±—ã–ª–∞ –∫—É–ø–ª–µ–Ω–∞ –≤ 2017 –≥–æ–¥—É","1‚Äâ100‚Äâ000‚Äâ‚ÇΩ","Alpina","Alpina B3 Alpina b3 biturbo","–î–≤–∏–≥–∞—Ç–µ–ª—å 3.0 –±–µ–Ω–∑–∏–Ω–æ–≤—ã–π (360 –ª.—Å.)"
